name,rating,year,poster,country,notes
9,7,2009,https://m.media-amazon.com/images/M/MV5BMTY2ODE1MTgxMV5BMl5BanBnXkFtZTcwNTM1NTM2Mg@@._V1_SX300.jpg,"United States, Canada, Luxembourg",
Ghost,7.1,1990,https://m.media-amazon.com/images/M/MV5BMmE4ZjI3YzctNjM0YS00MjBlLWFmYjItNDRiNTk0ZmRkYjVjXkEyXkFqcGdeQXVyNjc3MjQzNTI@._V1_SX300.jpg,United States,
Matrix,7.8,1993,https://m.media-amazon.com/images/M/MV5BYzUzOTA5ZTMtMTdlZS00MmQ5LWFmNjEtMjE5MTczN2RjNjE3XkEyXkFqcGdeQXVyNTc2ODIyMzY@._V1_SX300.jpg,Canada,
Pulp Fiction,8.9,1994,https://m.media-amazon.com/images/M/MV5BNGNhMDIzZTUtNTBlZi00MTRlLWFjM2ItYzViMjE3YzI5MjljXkEyXkFqcGdeQXVyNzkwMjQ5NzM@._V1_SX300.jpg,United States,
The Room,3.6,2003,https://m.media-amazon.com/images/M/MV5BN2IwYzc4MjEtMzJlMS00MDJlLTkzNDAtN2E4NGNkZjg0MDgxXkEyXkFqcGdeQXVyMjQwMDg0Ng@@._V1_SX300.jpg,United States,
The Godfather: Part 2,7.3,2018,https://m.media-amazon.com/images/M/MV5BYmFmM2Q5MDAtOWRkZi00MTdkLWJkZjMtMjEwN2MyMDg3YTRmXkEyXkFqcGdeQXVyNDczNDk2OTI@._V1_SX300.jpg,Egypt,
Everything Everywhere All at Once,7.9,2022,https://m.media-amazon.com/images/M/MV5BYTdiOTIyZTQtNmQ1OS00NjZlLWIyMTgtYzk5Y2M3ZDVmMDk1XkEyXkFqcGdeQXVyMTAzMDg4NzU0._V1_SX300.jpg,United States,
Forrest Gump,8.8,1994,https://m.media-amazon.com/images/M/MV5BNWIwODRlZTUtY2U3ZS00Yzg1LWJhNzYtMmZiYmEyNmU1NjMzXkEyXkFqcGdeQXVyMTQxNzMzNDI@._V1_SX300.jpg,United States,
Titanic,7.9,1997,https://m.media-amazon.com/images/M/MV5BMDdmZGU3NDQtY2E5My00ZTliLWIzOTUtMTY4ZGI1YjdiNjk3XkEyXkFqcGdeQXVyNTA4NzY1MzY@._V1_SX300.jpg,"United States, Mexico",
Dune,8,2021,https://m.media-amazon.com/images/M/MV5BN2FjNmEyNWMtYzM0ZS00NjIyLTg5YzYtYThlMGVjNzE1OGViXkEyXkFqcGdeQXVyMTkxNjUyNQ@@._V1_SX300.jpg,"United States, Canada",
Mission: Impossible - Ghost Protocol,7.4,2011,https://m.media-amazon.com/images/M/MV5BMTY4MTUxMjQ5OV5BMl5BanBnXkFtZTcwNTUyMzg5Ng@@._V1_SX300.jpg,United States,
John Wick,7.4,2014,https://m.media-amazon.com/images/M/MV5BMTU2NjA1ODgzMF5BMl5BanBnXkFtZTgwMTM2MTI4MjE@._V1_SX300.jpg,"United States, United Kingdom, China",
Jurassic Park,8.2,1993,https://m.media-amazon.com/images/M/MV5BMjM2MDgxMDg0Nl5BMl5BanBnXkFtZTgwNTM2OTM5NDE@._V1_SX300.jpg,United States,
Run,6.7,2020,https://m.media-amazon.com/images/M/MV5BZjdmZDlkMzItNTg0OS00MjAxLWE0ZTQtZjdhOWM1MTJkOTc0XkEyXkFqcGdeQXVyODE5NzE3OTE@._V1_SX300.jpg,"United States, Canada",
Boss Level,6.8,2020,https://m.media-amazon.com/images/M/MV5BNTVkODdiMjAtNmQ5Yy00OThhLTg4MDItYTZlYTFmN2E0M2M1XkEyXkFqcGdeQXVyMTkxNjUyNQ@@._V1_SX300.jpg,United States,
Alone,6.2,2020,https://m.media-amazon.com/images/M/MV5BOWFhOTc1MmYtOGYxZS00YTBmLWEwZTYtZTkwZTZmZDM2M2MwXkEyXkFqcGdeQXVyMjQ2NDU3NDY@._V1_SX300.jpg,United States,
365 Days,3.3,2020,https://m.media-amazon.com/images/M/MV5BMDdhYzNkOWQtYWNlNi00NDdjLWJlZDMtMjJjZDYyNjAxM2U1XkEyXkFqcGdeQXVyMTQyMTMwOTk0._V1_SX300.jpg,Poland,
Birdman,6.7,1967–1987,https://m.media-amazon.com/images/M/MV5BZTk3NjA1M2EtYTQ2Ny00ZTlmLThjMTQtYzhiY2I1ODM0MzdlXkEyXkFqcGdeQXVyNjExODE1MDc@._V1_SX300.jpg,United States,
Exam,6.8,2009,https://m.media-amazon.com/images/M/MV5BNDg2NzM2NzIwNF5BMl5BanBnXkFtZTcwODE2ODc1Mg@@._V1_SX300.jpg,United Kingdom,
Gamer,5.7,2009,https://m.media-amazon.com/images/M/MV5BMTkzMDU0NTg3MF5BMl5BanBnXkFtZTcwNzU1MjU1Mg@@._V1_SX300.jpg,United States,
Batman,7.5,1989,https://m.media-amazon.com/images/M/MV5BZDNjOGNhN2UtNmNhMC00YjU4LWEzMmUtNzRkM2RjN2RiMjc5XkEyXkFqcGdeQXVyMTU0OTM5ODc1._V1_SX300.jpg,"United States, United Kingdom",
Vortex,7.4,2021,https://m.media-amazon.com/images/M/MV5BNjMxYTFmNTctNDgyYi00NzQwLTk1NTItMmVkYjk5Yjc1NmI2XkEyXkFqcGdeQXVyMTAyMjQ3NzQ1._V1_SX300.jpg,"France, Belgium, Monaco",
Tenet,7.3,2020,https://m.media-amazon.com/images/M/MV5BMzU3YWYwNTQtZTdiMC00NjY5LTlmMTMtZDFlYTEyODBjMTk5XkEyXkFqcGdeQXVyMTkxNjUyNQ@@._V1_SX300.jpg,"United States, United Kingdom",
No Time to Die,7.3,2021,https://m.media-amazon.com/images/M/MV5BYWQ2NzQ1NjktMzNkNS00MGY1LTgwMmMtYTllYTI5YzNmMmE0XkEyXkFqcGdeQXVyMjM4NTM5NDY@._V1_SX300.jpg,"United Kingdom, United States",
Thor,7,2011,https://m.media-amazon.com/images/M/MV5BOGE4NzU1YTAtNzA3Mi00ZTA2LTg2YmYtMDJmMThiMjlkYjg2XkEyXkFqcGdeQXVyNTgzMDMzMTg@._V1_SX300.jpg,United States,The god movie
The Boss Baby,6.3,2017,https://m.media-amazon.com/images/M/MV5BMTg5MzUxNzgxNV5BMl5BanBnXkFtZTgwMTM2NzQ3MjI@._V1_SX300.jpg,United States,Baby is the boss
Missing,7.1,2023,https://m.media-amazon.com/images/M/MV5BNWExMzg3NjAtZmZmYy00MWE3LWJkNjEtOTYzYTZjYTZkMjZiXkEyXkFqcGdeQXVyMTA3MDk2NDg2._V1_SX300.jpg,United States,
The Gift,7,2015,https://m.media-amazon.com/images/M/MV5BNGFmY2UyMmYtNDY1Yi00NTIwLTk1ZDktOGM2OTQwZDk0NjU5XkEyXkFqcGdeQXVyMjQwMjk0NjI@._V1_SX300.jpg,"United States, Australia, China",A nice one to watch too
Shark,7.1,2006–2008,https://m.media-amazon.com/images/M/MV5BOTc1MjI3MjItN2M4ZS00NDdjLThlODgtNDJjOTBkMzY0ZTNhXkEyXkFqcGdeQXVyNjc3MjQzNTI@._V1_SX300.jpg,United States,
Pain & Gain,6.4,2013,https://m.media-amazon.com/images/M/MV5BMTU0NDE5NTU0OV5BMl5BanBnXkFtZTcwMzI1OTMzOQ@@._V1_SX300.jpg,United States,Pain and gain
Ledge,N/A,2014,https://m.media-amazon.com/images/M/MV5BNjc2ZDkxODYtOGFmMi00Y2YxLWE5NzMtYjk2ODc5YmQxY2EzXkEyXkFqcGdeQXVyMjYxMzY2NDk@._V1_SX300.jpg,USA,Man on the ledge
Water,7.7,2005,https://m.media-amazon.com/images/M/MV5BZmQ4ODNjNjctYzkxYS00N2MzLWE0ZTctOGVkYzM2NjRmZDMyXkEyXkFqcGdeQXVyODE5NzE3OTE@._V1_SX300.jpg,"Canada, India",Water is life
Paradise,5.0,2013,https://m.media-amazon.com/images/M/MV5BMjA4Njk4NDc4NV5BMl5BanBnXkFtZTcwNDkzMDg5OQ@@._V1_SX300.jpg,United States,Paradise is bliss
